age_years,age_months,nutrient,value,unit,drv_type,zinc_phytate_mgpd
0,7,Protein,1.31,g/kg bw per day,PRI,
0,7,Total Fat,40,E%,RI,
0,7,SFA,ALAP,,AI,
0,7,LA,4,E%,AI,
0,7,ALA,0.5,E%,AI,
0,7,EPA+DHA,,mg/d,AI,
0,7,DHA,100,mg/d,AI,
0,7,TFA,ALAP,,AI,
0,7,Total Carbohydrates,,E%,RI,
0,7,Dietary Fibre,,g/d,AI,
0,7,Water,0.8-1.0,L/d,AI,
0,7,Calcium,280,mg/d,PRI,
0,7,Fluoride,0.4,mg/d,AI,
0,7,Iodine,70,μg/d,AI,
0,7,Manganese,0.02-0.5,mg/d,AI,
0,7,Molybdenum,10,μg/d,AI,
0,7,Phosphorus,160,mg/d,AI,
0,7,Potassium,750,mg/d,AI,
0,7,Selenium,15,μg/d,AI,
0,7,Iron,11,mg/d,PRI,
0,7,Copper,0.4,mg/d,AI,
0,7,Magnesium,80,mg/d,AI,
0,7,Zinc,2.9,mg/d,PRI,
0,7,α-Tocopherol,5,mg/d,AI,
0,7,Biotin,6,μg/d,AI,
0,7,Choline,160,mg/d,AI,
0,7,Cobalamin,1.5,μg/d,AI,
0,7,Folate,80,μg DFE/d,PRI,
0,7,Niacin,1.6,mg NE/MJ,PRI,
0,7,Pantothenic Acid,3,mg/d,AI,
0,7,Riboflavin,0.4,mg/d,PRI,
0,7,Thiamin,0.1,mg/MJ,PRI,
0,7,Vitamin A,250,μg RE/d,PRI,
0,7,Vitamin B6,0.3,mg/d,PRI,
0,7,Vitamin C,20,mg/d,PRI,
0,7,Vitamin D,10,μg/d,AI,
0,7,Vitamin K,10,μg/d,AI,
0,8,Protein,1.31,g/kg bw per day,PRI,
0,8,Total Fat,40,E%,RI,
0,8,SFA,ALAP,,AI,
0,8,LA,4,E%,AI,
0,8,ALA,0.5,E%,AI,
0,8,EPA+DHA,,mg/d,AI,
0,8,DHA,100,mg/d,AI,
0,8,TFA,ALAP,,AI,
0,8,Total Carbohydrates,,E%,RI,
0,8,Dietary Fibre,,g/d,AI,
0,8,Water,0.8-1.0,L/d,AI,
0,8,Calcium,280,mg/d,PRI,
0,8,Fluoride,0.4,mg/d,AI,
0,8,Iodine,70,μg/d,AI,
0,8,Manganese,0.02-0.5,mg/d,AI,
0,8,Molybdenum,10,μg/d,AI,
0,8,Phosphorus,160,mg/d,AI,
0,8,Potassium,750,mg/d,AI,
0,8,Selenium,15,μg/d,AI,
0,8,Iron,11,mg/d,PRI,
0,8,Copper,0.4,mg/d,AI,
0,8,Magnesium,80,mg/d,AI,
0,8,Zinc,2.9,mg/d,PRI,
0,8,α-Tocopherol,5,mg/d,AI,
0,8,Biotin,6,μg/d,AI,
0,8,Choline,160,mg/d,AI,
0,8,Cobalamin,1.5,μg/d,AI,
0,8,Folate,80,μg DFE/d,PRI,
0,8,Niacin,1.6,mg NE/MJ,PRI,
0,8,Pantothenic Acid,3,mg/d,AI,
0,8,Riboflavin,0.4,mg/d,PRI,
0,8,Thiamin,0.1,mg/MJ,PRI,
0,8,Vitamin A,250,μg RE/d,PRI,
0,8,Vitamin B6,0.3,mg/d,PRI,
0,8,Vitamin C,20,mg/d,PRI,
0,8,Vitamin D,10,μg/d,AI,
0,8,Vitamin K,10,μg/d,AI,
0,9,Protein,1.31,g/kg bw per day,PRI,
0,9,Total Fat,40,E%,RI,
0,9,SFA,ALAP,,AI,
0,9,LA,4,E%,AI,
0,9,ALA,0.5,E%,AI,
0,9,EPA+DHA,,mg/d,AI,
0,9,DHA,100,mg/d,AI,
0,9,TFA,ALAP,,AI,
0,9,Total Carbohydrates,,E%,RI,
0,9,Dietary Fibre,,g/d,AI,
0,9,Water,0.8-1.0,L/d,AI,
0,9,Calcium,280,mg/d,PRI,
0,9,Fluoride,0.4,mg/d,AI,
0,9,Iodine,70,μg/d,AI,
0,9,Manganese,0.02-0.5,mg/d,AI,
0,9,Molybdenum,10,μg/d,AI,
0,9,Phosphorus,160,mg/d,AI,
0,9,Potassium,750,mg/d,AI,
0,9,Selenium,15,μg/d,AI,
0,9,Iron,11,mg/d,PRI,
0,9,Copper,0.4,mg/d,AI,
0,9,Magnesium,80,mg/d,AI,
0,9,Zinc,2.9,mg/d,PRI,
0,9,α-Tocopherol,5,mg/d,AI,
0,9,Biotin,6,μg/d,AI,
0,9,Choline,160,mg/d,AI,
0,9,Cobalamin,1.5,μg/d,AI,
0,9,Folate,80,μg DFE/d,PRI,
0,9,Niacin,1.6,mg NE/MJ,PRI,
0,9,Pantothenic Acid,3,mg/d,AI,
0,9,Riboflavin,0.4,mg/d,PRI,
0,9,Thiamin,0.1,mg/MJ,PRI,
0,9,Vitamin A,250,μg RE/d,PRI,
0,9,Vitamin B6,0.3,mg/d,PRI,
0,9,Vitamin C,20,mg/d,PRI,
0,9,Vitamin D,10,μg/d,AI,
0,9,Vitamin K,10,μg/d,AI,
0,10,Protein,1.31,g/kg bw per day,PRI,
0,10,Total Fat,40,E%,RI,
0,10,SFA,ALAP,,AI,
0,10,LA,4,E%,AI,
0,10,ALA,0.5,E%,AI,
0,10,EPA+DHA,,mg/d,AI,
0,10,DHA,100,mg/d,AI,
0,10,TFA,ALAP,,AI,
0,10,Total Carbohydrates,,E%,RI,
0,10,Dietary Fibre,,g/d,AI,
0,10,Water,0.8-1.0,L/d,AI,
0,10,Calcium,280,mg/d,PRI,
0,10,Fluoride,0.4,mg/d,AI,
0,10,Iodine,70,μg/d,AI,
0,10,Manganese,0.02-0.5,mg/d,AI,
0,10,Molybdenum,10,μg/d,AI,
0,10,Phosphorus,160,mg/d,AI,
0,10,Potassium,750,mg/d,AI,
0,10,Selenium,15,μg/d,AI,
0,10,Iron,11,mg/d,PRI,
0,10,Copper,0.4,mg/d,AI,
0,10,Magnesium,80,mg/d,AI,
0,10,Zinc,2.9,mg/d,PRI,
0,10,α-Tocopherol,5,mg/d,AI,
0,10,Biotin,6,μg/d,AI,
0,10,Choline,160,mg/d,AI,
0,10,Cobalamin,1.5,μg/d,AI,
0,10,Folate,80,μg DFE/d,PRI,
0,10,Niacin,1.6,mg NE/MJ,PRI,
0,10,Pantothenic Acid,3,mg/d,AI,
0,10,Riboflavin,0.4,mg/d,PRI,
0,10,Thiamin,0.1,mg/MJ,PRI,
0,10,Vitamin A,250,μg RE/d,PRI,
0,10,Vitamin B6,0.3,mg/d,PRI,
0,10,Vitamin C,20,mg/d,PRI,
0,10,Vitamin D,10,μg/d,AI,
0,10,Vitamin K,10,μg/d,AI,
0,11,Protein,1.31,g/kg bw per day,PRI,
0,11,Total Fat,40,E%,RI,
0,11,SFA,ALAP,,AI,
0,11,LA,4,E%,AI,
0,11,ALA,0.5,E%,AI,
0,11,EPA+DHA,,mg/d,AI,
0,11,DHA,100,mg/d,AI,
0,11,TFA,ALAP,,AI,
0,11,Total Carbohydrates,,E%,RI,
0,11,Dietary Fibre,,g/d,AI,
0,11,Water,0.8-1.0,L/d,AI,
0,11,Calcium,280,mg/d,PRI,
0,11,Fluoride,0.4,mg/d,AI,
0,11,Iodine,70,μg/d,AI,
0,11,Manganese,0.02-0.5,mg/d,AI,
0,11,Molybdenum,10,μg/d,AI,
0,11,Phosphorus,160,mg/d,AI,
0,11,Potassium,750,mg/d,AI,
0,11,Selenium,15,μg/d,AI,
0,11,Iron,11,mg/d,PRI,
0,11,Copper,0.4,mg/d,AI,
0,11,Magnesium,80,mg/d,AI,
0,11,Zinc,2.9,mg/d,PRI,
0,11,α-Tocopherol,5,mg/d,AI,
0,11,Biotin,6,μg/d,AI,
0,11,Choline,160,mg/d,AI,
0,11,Cobalamin,1.5,μg/d,AI,
0,11,Folate,80,μg DFE/d,PRI,
0,11,Niacin,1.6,mg NE/MJ,PRI,
0,11,Pantothenic Acid,3,mg/d,AI,
0,11,Riboflavin,0.4,mg/d,PRI,
0,11,Thiamin,0.1,mg/MJ,PRI,
0,11,Vitamin A,250,μg RE/d,PRI,
0,11,Vitamin B6,0.3,mg/d,PRI,
0,11,Vitamin C,20,mg/d,PRI,
0,11,Vitamin D,10,μg/d,AI,
0,11,Vitamin K,10,μg/d,AI,
1,0,Protein,1.14,g/kg bw per day,PRI,
1,0,Total Fat,35-40,E%,RI,
1,0,SFA,ALAP,,AI,
1,0,LA,4,E%,AI,
1,0,ALA,0.5,E%,AI,
1,0,EPA+DHA,,mg/d,AI,
1,0,DHA,100,mg/d,AI,
1,0,TFA,ALAP,,AI,
1,0,Total Carbohydrates,45-60,E%,RI,
1,0,Dietary Fibre,10,g/d,AI,
1,0,Water,1.1-1.2,L/d,AI,
1,0,Calcium,450,mg/d,PRI,
1,0,Fluoride,0.6,mg/d,AI,
1,0,Iodine,90,μg/d,AI,
1,0,Manganese,0.5,mg/d,AI,
1,0,Molybdenum,15,μg/d,AI,
1,0,Phosphorus,250,mg/d,AI,
1,0,Potassium,800,mg/d,AI,
1,0,Selenium,15,μg/d,AI,
1,0,Iron,7,mg/d,PRI,
1,0,Copper,0.7,mg/d,AI,
1,0,Magnesium,170,mg/d,AI,
1,0,Zinc,4.3,mg/d,PRI,
1,0,α-Tocopherol,6,mg/d,AI,
1,0,Biotin,20,μg/d,AI,
1,0,Choline,140,mg/d,AI,
1,0,Cobalamin,1.5,μg/d,AI,
1,0,Folate,120,μg DFE/d,PRI,
1,0,Niacin,1.6,mg NE/MJ,PRI,
1,0,Pantothenic Acid,4,mg/d,AI,
1,0,Riboflavin,0.6,mg/d,PRI,
1,0,Thiamin,0.1,mg/MJ,PRI,
1,0,Vitamin A,250,μg RE/d,PRI,
1,0,Vitamin B6,0.6,mg/d,PRI,
1,0,Vitamin C,20,mg/d,PRI,
1,0,Vitamin D,15,μg/d,AI,
1,0,Vitamin K,12,μg/d,AI,
1,6,Protein,1.03,g/kg bw per day,PRI,
1,6,Total Fat,35-40,E%,RI,
1,6,SFA,ALAP,,AI,
1,6,LA,4,E%,AI,
1,6,ALA,0.5,E%,AI,
1,6,EPA+DHA,,mg/d,AI,
1,6,DHA,100,mg/d,AI,
1,6,TFA,ALAP,,AI,
1,6,Total Carbohydrates,45-60,E%,RI,
1,6,Dietary Fibre,10,g/d,AI,
1,6,Water,1.1-1.2,L/d,AI,
1,6,Calcium,450,mg/d,PRI,
1,6,Fluoride,0.6,mg/d,AI,
1,6,Iodine,90,μg/d,AI,
1,6,Manganese,0.5,mg/d,AI,
1,6,Molybdenum,15,μg/d,AI,
1,6,Phosphorus,250,mg/d,AI,
1,6,Potassium,800,mg/d,AI,
1,6,Selenium,15,μg/d,AI,
1,6,Iron,7,mg/d,PRI,
1,6,Copper,0.7,mg/d,AI,
1,6,Magnesium,170,mg/d,AI,
1,6,Zinc,4.3,mg/d,PRI,
1,6,α-Tocopherol,6,mg/d,AI,
1,6,Biotin,20,μg/d,AI,
1,6,Choline,140,mg/d,AI,
1,6,Cobalamin,1.5,μg/d,AI,
1,6,Folate,120,μg DFE/d,PRI,
1,6,Niacin,1.6,mg NE/MJ,PRI,
1,6,Pantothenic Acid,4,mg/d,AI,
1,6,Riboflavin,0.6,mg/d,PRI,
1,6,Thiamin,0.1,mg/MJ,PRI,
1,6,Vitamin A,250,μg RE/d,PRI,
1,6,Vitamin B6,0.6,mg/d,PRI,
1,6,Vitamin C,20,mg/d,PRI,
1,6,Vitamin D,15,μg/d,AI,
1,6,Vitamin K,12,μg/d,AI,
2,0,Protein,0.97,g/kg bw per day,PRI,
2,0,Total Fat,35-40,E%,RI,
2,0,SFA,ALAP,,AI,
2,0,LA,4,E%,AI,
2,0,ALA,0.5,E%,AI,
2,0,EPA+DHA,250,mg/d,AI,
2,0,DHA,,mg/d,AI,
2,0,TFA,ALAP,,AI,
2,0,Total Carbohydrates,45-60,E%,RI,
2,0,Dietary Fibre,10,g/d,AI,
2,0,Water,1.3,L/d,AI,
2,0,Calcium,450,mg/d,PRI,
2,0,Fluoride,0.6,mg/d,AI,
2,0,Iodine,90,μg/d,AI,
2,0,Manganese,0.5,mg/d,AI,
2,0,Molybdenum,15,μg/d,AI,
2,0,Phosphorus,250,mg/d,AI,
2,0,Potassium,800,mg/d,AI,
2,0,Selenium,15,μg/d,AI,
2,0,Iron,7,mg/d,PRI,
2,0,Copper,0.7,mg/d,AI,
2,0,Magnesium,170,mg/d,AI,
2,0,Zinc,4.3,mg/d,PRI,
2,0,α-Tocopherol,6,mg/d,AI,
2,0,Biotin,20,μg/d,AI,
2,0,Choline,140,mg/d,AI,
2,0,Cobalamin,1.5,μg/d,AI,
2,0,Folate,120,μg DFE/d,PRI,
2,0,Niacin,1.6,mg NE/MJ,PRI,
2,0,Pantothenic Acid,4,mg/d,AI,
2,0,Riboflavin,0.6,mg/d,PRI,
2,0,Thiamin,0.1,mg/MJ,PRI,
2,0,Vitamin A,250,μg RE/d,PRI,
2,0,Vitamin B6,0.6,mg/d,PRI,
2,0,Vitamin C,20,mg/d,PRI,
2,0,Vitamin D,15,μg/d,AI,
2,0,Vitamin K,12,μg/d,AI,
3,0,Protein,0.9,g/kg bw per day,PRI,
3,0,Total Fat,35-40,E%,RI,
3,0,SFA,ALAP,,AI,
3,0,LA,4,E%,AI,
3,0,ALA,0.5,E%,AI,
3,0,EPA+DHA,250,mg/d,AI,
3,0,DHA,,mg/d,AI,
3,0,TFA,ALAP,,AI,
3,0,Total Carbohydrates,45-60,E%,RI,
3,0,Dietary Fibre,10,g/d,AI,
3,0,Water,1.3,L/d,AI,
3,0,Calcium,450,mg/d,PRI,
3,0,Fluoride,0.6,mg/d,AI,
3,0,Iodine,90,μg/d,AI,
3,0,Manganese,0.5,mg/d,AI,
3,0,Molybdenum,15,μg/d,AI,
3,0,Phosphorus,440,mg/d,AI,
3,0,Potassium,800,mg/d,AI,
3,0,Selenium,15,μg/d,AI,
3,0,Iron,7,mg/d,PRI,
3,0,Copper,1,mg/d,AI,
3,0,Magnesium,230,mg/d,AI,
3,0,Zinc,4.3,mg/d,PRI,
3,0,α-Tocopherol,9,mg/d,AI,
3,0,Biotin,20,μg/d,AI,
3,0,Choline,140,mg/d,AI,
3,0,Cobalamin,1.5,μg/d,AI,
3,0,Folate,120,μg DFE/d,PRI,
3,0,Niacin,1.6,mg NE/MJ,PRI,
3,0,Pantothenic Acid,4,mg/d,AI,
3,0,Riboflavin,0.6,mg/d,PRI,
3,0,Thiamin,0.1,mg/MJ,PRI,
3,0,Vitamin A,250,μg RE/d,PRI,
3,0,Vitamin B6,0.6,mg/d,PRI,
3,0,Vitamin C,20,mg/d,PRI,
3,0,Vitamin D,15,μg/d,AI,
3,0,Vitamin K,12,μg/d,AI,
4,0,Protein,0.86,g/kg bw per day,PRI,
4,0,Total Fat,20-35,E%,RI,
4,0,SFA,ALAP,,AI,
4,0,LA,4,E%,AI,
4,0,ALA,0.5,E%,AI,
4,0,EPA+DHA,250,mg/d,AI,
4,0,DHA,,mg/d,AI,
4,0,TFA,ALAP,,AI,
4,0,Total Carbohydrates,45-60,E%,RI,
4,0,Dietary Fibre,14,g/d,AI,
4,0,Water,1.6,L/d,AI,
4,0,Calcium,800,mg/d,PRI,
4,0,Fluoride,1,mg/d,AI,
4,0,Iodine,90,μg/d,AI,
4,0,Manganese,1,mg/d,AI,
4,0,Molybdenum,20,μg/d,AI,
4,0,Phosphorus,440,mg/d,AI,
4,0,Potassium,1100,mg/d,AI,
4,0,Selenium,20,μg/d,AI,
4,0,Iron,7,mg/d,PRI,
4,0,Copper,1,mg/d,AI,
4,0,Magnesium,230,mg/d,AI,
4,0,Zinc,5.5,mg/d,PRI,
4,0,α-Tocopherol,9,mg/d,AI,
4,0,Biotin,25,μg/d,AI,
4,0,Choline,170,mg/d,AI,
4,0,Cobalamin,1.5,μg/d,AI,
4,0,Folate,140,μg DFE/d,PRI,
4,0,Niacin,1.6,mg NE/MJ,PRI,
4,0,Pantothenic Acid,4,mg/d,AI,
4,0,Riboflavin,0.7,mg/d,PRI,
4,0,Thiamin,0.1,mg/MJ,PRI,
4,0,Vitamin A,300,μg RE/d,PRI,
4,0,Vitamin B6,0.7,mg/d,PRI,
4,0,Vitamin C,30,mg/d,PRI,
4,0,Vitamin D,15,μg/d,AI,
4,0,Vitamin K,20,μg/d,AI,
5,0,Protein,0.85,g/kg bw per day,PRI,
5,0,Total Fat,20-35,E%,RI,
5,0,SFA,ALAP,,AI,
5,0,LA,4,E%,AI,
5,0,ALA,0.5,E%,AI,
5,0,EPA+DHA,250,mg/d,AI,
5,0,DHA,,mg/d,AI,
5,0,TFA,ALAP,,AI,
5,0,Total Carbohydrates,45-60,E%,RI,
5,0,Dietary Fibre,14,g/d,AI,
5,0,Water,1.6,L/d,AI,
5,0,Calcium,800,mg/d,PRI,
5,0,Fluoride,1,mg/d,AI,
5,0,Iodine,90,μg/d,AI,
5,0,Manganese,1,mg/d,AI,
5,0,Molybdenum,20,μg/d,AI,
5,0,Phosphorus,440,mg/d,AI,
5,0,Potassium,1100,mg/d,AI,
5,0,Selenium,20,μg/d,AI,
5,0,Iron,7,mg/d,PRI,
5,0,Copper,1,mg/d,AI,
5,0,Magnesium,230,mg/d,AI,
5,0,Zinc,5.5,mg/d,PRI,
5,0,α-Tocopherol,9,mg/d,AI,
5,0,Biotin,25,μg/d,AI,
5,0,Choline,170,mg/d,AI,
5,0,Cobalamin,1.5,μg/d,AI,
5,0,Folate,140,μg DFE/d,PRI,
5,0,Niacin,1.6,mg NE/MJ,PRI,
5,0,Pantothenic Acid,4,mg/d,AI,
5,0,Riboflavin,0.7,mg/d,PRI,
5,0,Thiamin,0.1,mg/MJ,PRI,
5,0,Vitamin A,300,μg RE/d,PRI,
5,0,Vitamin B6,0.7,mg/d,PRI,
5,0,Vitamin C,30,mg/d,PRI,
5,0,Vitamin D,15,μg/d,AI,
5,0,Vitamin K,20,μg/d,AI,
6,0,Protein,0.89,g/kg bw per day,PRI,
6,0,Total Fat,20-35,E%,RI,
6,0,SFA,ALAP,,AI,
6,0,LA,4,E%,AI,
6,0,ALA,0.5,E%,AI,
6,0,EPA+DHA,250,mg/d,AI,
6,0,DHA,,mg/d,AI,
6,0,TFA,ALAP,,AI,
6,0,Total Carbohydrates,45-60,E%,RI,
6,0,Dietary Fibre,14,g/d,AI,
6,0,Water,1.6,L/d,AI,
6,0,Calcium,800,mg/d,PRI,
6,0,Fluoride,1,mg/d,AI,
6,0,Iodine,90,μg/d,AI,
6,0,Manganese,1,mg/d,AI,
6,0,Molybdenum,20,μg/d,AI,
6,0,Phosphorus,440,mg/d,AI,
6,0,Potassium,1100,mg/d,AI,
6,0,Selenium,20,μg/d,AI,
6,0,Iron,7,mg/d,PRI,
6,0,Copper,1,mg/d,AI,
6,0,Magnesium,230,mg/d,AI,
6,0,Zinc,5.5,mg/d,PRI,
6,0,α-Tocopherol,9,mg/d,AI,
6,0,Biotin,25,μg/d,AI,
6,0,Choline,170,mg/d,AI,
6,0,Cobalamin,1.5,μg/d,AI,
6,0,Folate,140,μg DFE/d,PRI,
6,0,Niacin,1.6,mg NE/MJ,PRI,
6,0,Pantothenic Acid,4,mg/d,AI,
6,0,Riboflavin,0.7,mg/d,PRI,
6,0,Thiamin,0.1,mg/MJ,PRI,
6,0,Vitamin A,300,μg RE/d,PRI,
6,0,Vitamin B6,0.7,mg/d,PRI,
6,0,Vitamin C,30,mg/d,PRI,
6,0,Vitamin D,15,μg/d,AI,
6,0,Vitamin K,20,μg/d,AI,
7,0,Protein,0.91,g/kg bw per day,PRI,
7,0,Total Fat,20-35,E%,RI,
7,0,SFA,ALAP,,AI,
7,0,LA,4,E%,AI,
7,0,ALA,0.5,E%,AI,
7,0,EPA+DHA,250,mg/d,AI,
7,0,DHA,,mg/d,AI,
7,0,TFA,ALAP,,AI,
7,0,Total Carbohydrates,45-60,E%,RI,
7,0,Dietary Fibre,16,g/d,AI,
7,0,Water,1.6,L/d,AI,
7,0,Calcium,800,mg/d,PRI,
7,0,Fluoride,1.5,mg/d,AI,
7,0,Iodine,90,μg/d,AI,
7,0,Manganese,1.5,mg/d,AI,
7,0,Molybdenum,30,μg/d,AI,
7,0,Phosphorus,440,mg/d,AI,
7,0,Potassium,1100,mg/d,AI,
7,0,Selenium,35,μg/d,AI,
7,0,Iron,11,mg/d,PRI,
7,0,Copper,1,mg/d,AI,
7,0,Magnesium,230,mg/d,AI,
7,0,Zinc,7.4,mg/d,PRI,
7,0,α-Tocopherol,9,mg/d,AI,
7,0,Biotin,25,μg/d,AI,
7,0,Choline,250,mg/d,AI,
7,0,Cobalamin,2.5,μg/d,AI,
7,0,Folate,200,μg DFE/d,PRI,
7,0,Niacin,1.6,mg NE/MJ,PRI,
7,0,Pantothenic Acid,4,mg/d,AI,
7,0,Riboflavin,1,mg/d,PRI,
7,0,Thiamin,0.1,mg/MJ,PRI,
7,0,Vitamin A,400,μg RE/d,PRI,
7,0,Vitamin B6,1,mg/d,PRI,
7,0,Vitamin C,45,mg/d,PRI,
7,0,Vitamin D,15,μg/d,AI,
7,0,Vitamin K,30,μg/d,AI,
8,0,Protein,0.92,g/kg bw per day,PRI,
8,0,Total Fat,20-35,E%,RI,
8,0,SFA,ALAP,,AI,
8,0,LA,4,E%,AI,
8,0,ALA,0.5,E%,AI,
8,0,EPA+DHA,250,mg/d,AI,
8,0,DHA,,mg/d,AI,
8,0,TFA,ALAP,,AI,
8,0,Total Carbohydrates,45-60,E%,RI,
8,0,Dietary Fibre,16,g/d,AI,
8,0,Water,1.6,L/d,AI,
8,0,Calcium,800,mg/d,PRI,
8,0,Fluoride,1.5,mg/d,AI,
8,0,Iodine,90,μg/d,AI,
8,0,Manganese,1.5,mg/d,AI,
8,0,Molybdenum,30,μg/d,AI,
8,0,Phosphorus,440,mg/d,AI,
8,0,Potassium,1100,mg/d,AI,
8,0,Selenium,35,μg/d,AI,
8,0,Iron,11,mg/d,PRI,
8,0,Copper,1,mg/d,AI,
8,0,Magnesium,230,mg/d,AI,
8,0,Zinc,7.4,mg/d,PRI,
8,0,α-Tocopherol,9,mg/d,AI,
8,0,Biotin,25,μg/d,AI,
8,0,Choline,250,mg/d,AI,
8,0,Cobalamin,2.5,μg/d,AI,
8,0,Folate,200,μg DFE/d,PRI,
8,0,Niacin,1.6,mg NE/MJ,PRI,
8,0,Pantothenic Acid,4,mg/d,AI,
8,0,Riboflavin,1,mg/d,PRI,
8,0,Thiamin,0.1,mg/MJ,PRI,
8,0,Vitamin A,400,μg RE/d,PRI,
8,0,Vitamin B6,1,mg/d,PRI,
8,0,Vitamin C,45,mg/d,PRI,
8,0,Vitamin D,15,μg/d,AI,
8,0,Vitamin K,30,μg/d,AI,
9,0,Protein,0.92,g/kg bw per day,PRI,
9,0,Total Fat,20-35,E%,RI,
9,0,SFA,ALAP,,AI,
9,0,LA,4,E%,AI,
9,0,ALA,0.5,E%,AI,
9,0,EPA+DHA,250,mg/d,AI,
9,0,DHA,,mg/d,AI,
9,0,TFA,ALAP,,AI,
9,0,Total Carbohydrates,45-60,E%,RI,
9,0,Dietary Fibre,16,g/d,AI,
9,0,Water,2.1,L/d,AI,
9,0,Calcium,800,mg/d,PRI,
9,0,Fluoride,1.5,mg/d,AI,
9,0,Iodine,90,μg/d,AI,
9,0,Manganese,1.5,mg/d,AI,
9,0,Molybdenum,30,μg/d,AI,
9,0,Phosphorus,440,mg/d,AI,
9,0,Potassium,1100,mg/d,AI,
9,0,Selenium,35,μg/d,AI,
9,0,Iron,11,mg/d,PRI,
9,0,Copper,1,mg/d,AI,
9,0,Magnesium,230,mg/d,AI,
9,0,Zinc,7.4,mg/d,PRI,
9,0,α-Tocopherol,9,mg/d,AI,
9,0,Biotin,25,μg/d,AI,
9,0,Choline,250,mg/d,AI,
9,0,Cobalamin,2.5,μg/d,AI,
9,0,Folate,200,μg DFE/d,PRI,
9,0,Niacin,1.6,mg NE/MJ,PRI,
9,0,Pantothenic Acid,4,mg/d,AI,
9,0,Riboflavin,1,mg/d,PRI,
9,0,Thiamin,0.1,mg/MJ,PRI,
9,0,Vitamin A,400,μg RE/d,PRI,
9,0,Vitamin B6,1,mg/d,PRI,
9,0,Vitamin C,45,mg/d,PRI,
9,0,Vitamin D,15,μg/d,AI,
9,0,Vitamin K,30,μg/d,AI,
10,0,Protein,0.91,g/kg bw per day,PRI,
10,0,Total Fat,20-35,E%,RI,
10,0,SFA,ALAP,,AI,
10,0,LA,4,E%,AI,
10,0,ALA,0.5,E%,AI,
10,0,EPA+DHA,250,mg/d,AI,
10,0,DHA,,mg/d,AI,
10,0,TFA,ALAP,,AI,
10,0,Total Carbohydrates,45-60,E%,RI,
10,0,Dietary Fibre,16,g/d,AI,
10,0,Water,2.1,L/d,AI,
10,0,Calcium,800,mg/d,PRI,
10,0,Fluoride,1.5,mg/d,AI,
10,0,Iodine,90,μg/d,AI,
10,0,Manganese,1.5,mg/d,AI,
10,0,Molybdenum,30,μg/d,AI,
10,0,Phosphorus,440,mg/d,AI,
10,0,Potassium,1100,mg/d,AI,
10,0,Selenium,35,μg/d,AI,
10,0,Iron,11,mg/d,PRI,
10,0,Copper,1.3,mg/d,AI,
10,0,Magnesium,300,mg/d,AI,
10,0,Zinc,7.4,mg/d,PRI,
10,0,α-Tocopherol,13,mg/d,AI,
10,0,Biotin,25,μg/d,AI,
10,0,Choline,250,mg/d,AI,
10,0,Cobalamin,2.5,μg/d,AI,
10,0,Folate,200,μg DFE/d,PRI,
10,0,Niacin,1.6,mg NE/MJ,PRI,
10,0,Pantothenic Acid,4,mg/d,AI,
10,0,Riboflavin,1,mg/d,PRI,
10,0,Thiamin,0.1,mg/MJ,PRI,
10,0,Vitamin A,400,μg RE/d,PRI,
10,0,Vitamin B6,1,mg/d,PRI,
10,0,Vitamin C,45,mg/d,PRI,
10,0,Vitamin D,15,μg/d,AI,
10,0,Vitamin K,30,μg/d,AI,
11,0,Protein,0.91,g/kg bw per day,PRI,
11,0,Total Fat,20-35,E%,RI,
11,0,SFA,ALAP,,AI,
11,0,LA,4,E%,AI,
11,0,ALA,0.5,E%,AI,
11,0,EPA+DHA,250,mg/d,AI,
11,0,DHA,,mg/d,AI,
11,0,TFA,ALAP,,AI,
11,0,Total Carbohydrates,45-60,E%,RI,
11,0,Dietary Fibre,19,g/d,AI,
11,0,Water,2.1,L/d,AI,
11,0,Calcium,1150,mg/d,PRI,
11,0,Fluoride,2.2,mg/d,AI,
11,0,Iodine,120,μg/d,AI,
11,0,Manganese,2,mg/d,AI,
11,0,Molybdenum,45,μg/d,AI,
11,0,Phosphorus,640,mg/d,AI,
11,0,Potassium,2700,mg/d,AI,
11,0,Selenium,55,μg/d,AI,
11,0,Iron,11,mg/d,PRI,
11,0,Copper,1.3,mg/d,AI,
11,0,Magnesium,300,mg/d,AI,
11,0,Zinc,10.7,mg/d,PRI,
11,0,α-Tocopherol,13,mg/d,AI,
11,0,Biotin,35,μg/d,AI,
11,0,Choline,340,mg/d,AI,
11,0,Cobalamin,3.5,μg/d,AI,
11,0,Folate,270,μg DFE/d,PRI,
11,0,Niacin,1.6,mg NE/MJ,PRI,
11,0,Pantothenic Acid,5,mg/d,AI,
11,0,Riboflavin,1.4,mg/d,PRI,
11,0,Thiamin,0.1,mg/MJ,PRI,
11,0,Vitamin A,600,μg RE/d,PRI,
11,0,Vitamin B6,1.4,mg/d,PRI,
11,0,Vitamin C,70,mg/d,PRI,
11,0,Vitamin D,15,μg/d,AI,
11,0,Vitamin K,45,μg/d,AI,
12,0,Protein,0.9,g/kg bw per day,PRI,
12,0,Total Fat,20-35,E%,RI,
12,0,SFA,ALAP,,AI,
12,0,LA,4,E%,AI,
12,0,ALA,0.5,E%,AI,
12,0,EPA+DHA,250,mg/d,AI,
12,0,DHA,,mg/d,AI,
12,0,TFA,ALAP,,AI,
12,0,Total Carbohydrates,45-60,E%,RI,
12,0,Dietary Fibre,19,g/d,AI,
12,0,Water,2.1,L/d,AI,
12,0,Calcium,1150,mg/d,PRI,
12,0,Fluoride,2.2,mg/d,AI,
12,0,Iodine,120,μg/d,AI,
12,0,Manganese,2,mg/d,AI,
12,0,Molybdenum,45,μg/d,AI,
12,0,Phosphorus,640,mg/d,AI,
12,0,Potassium,2700,mg/d,AI,
12,0,Selenium,55,μg/d,AI,
12,0,Iron,11,mg/d,PRI,
12,0,Copper,1.3,mg/d,AI,
12,0,Magnesium,300,mg/d,AI,
12,0,Zinc,10.7,mg/d,PRI,
12,0,α-Tocopherol,13,mg/d,AI,
12,0,Biotin,35,μg/d,AI,
12,0,Choline,340,mg/d,AI,
12,0,Cobalamin,3.5,μg/d,AI,
12,0,Folate,270,μg DFE/d,PRI,
12,0,Niacin,1.6,mg NE/MJ,PRI,
12,0,Pantothenic Acid,5,mg/d,AI,
12,0,Riboflavin,1.4,mg/d,PRI,
12,0,Thiamin,0.1,mg/MJ,PRI,
12,0,Vitamin A,600,μg RE/d,PRI,
12,0,Vitamin B6,1.4,mg/d,PRI,
12,0,Vitamin C,70,mg/d,PRI,
12,0,Vitamin D,15,μg/d,AI,
12,0,Vitamin K,45,μg/d,AI,
13,0,Protein,0.9,g/kg bw per day,PRI,
13,0,Total Fat,20-35,E%,RI,
13,0,SFA,ALAP,,AI,
13,0,LA,4,E%,AI,
13,0,ALA,0.5,E%,AI,
13,0,EPA+DHA,250,mg/d,AI,
13,0,DHA,,mg/d,AI,
13,0,TFA,ALAP,,AI,
13,0,Total Carbohydrates,45-60,E%,RI,
13,0,Dietary Fibre,19,g/d,AI,
13,0,Water,2.1,L/d,AI,
13,0,Calcium,1150,mg/d,PRI,
13,0,Fluoride,2.2,mg/d,AI,
13,0,Iodine,120,μg/d,AI,
13,0,Manganese,2,mg/d,AI,
13,0,Molybdenum,45,μg/d,AI,
13,0,Phosphorus,640,mg/d,AI,
13,0,Potassium,2700,mg/d,AI,
13,0,Selenium,55,μg/d,AI,
13,0,Iron,11,mg/d,PRI,
13,0,Copper,1.3,mg/d,AI,
13,0,Magnesium,300,mg/d,AI,
13,0,Zinc,10.7,mg/d,PRI,
13,0,α-Tocopherol,13,mg/d,AI,
13,0,Biotin,35,μg/d,AI,
13,0,Choline,340,mg/d,AI,
13,0,Cobalamin,3.5,μg/d,AI,
13,0,Folate,270,μg DFE/d,PRI,
13,0,Niacin,1.6,mg NE/MJ,PRI,
13,0,Pantothenic Acid,5,mg/d,AI,
13,0,Riboflavin,1.4,mg/d,PRI,
13,0,Thiamin,0.1,mg/MJ,PRI,
13,0,Vitamin A,600,μg RE/d,PRI,
13,0,Vitamin B6,1.4,mg/d,PRI,
13,0,Vitamin C,70,mg/d,PRI,
13,0,Vitamin D,15,μg/d,AI,
13,0,Vitamin K,45,μg/d,AI,
14,0,Protein,0.89,g/kg bw per day,PRI,
14,0,Total Fat,20-35,E%,RI,
14,0,SFA,ALAP,,AI,
14,0,LA,4,E%,AI,
14,0,ALA,0.5,E%,AI,
14,0,EPA+DHA,250,mg/d,AI,
14,0,DHA,,mg/d,AI,
14,0,TFA,ALAP,,AI,
14,0,Total Carbohydrates,45-60,E%,RI,
14,0,Dietary Fibre,19,g/d,AI,
14,0,Water,2.5,L/d,AI,
14,0,Calcium,1150,mg/d,PRI,
14,0,Fluoride,2.2,mg/d,AI,
14,0,Iodine,120,μg/d,AI,
14,0,Manganese,2,mg/d,AI,
14,0,Molybdenum,45,μg/d,AI,
14,0,Phosphorus,640,mg/d,AI,
14,0,Potassium,2700,mg/d,AI,
14,0,Selenium,55,μg/d,AI,
14,0,Iron,11,mg/d,PRI,
14,0,Copper,1.3,mg/d,AI,
14,0,Magnesium,300,mg/d,AI,
14,0,Zinc,10.7,mg/d,PRI,
14,0,α-Tocopherol,13,mg/d,AI,
14,0,Biotin,35,μg/d,AI,
14,0,Choline,340,mg/d,AI,
14,0,Cobalamin,3.5,μg/d,AI,
14,0,Folate,270,μg DFE/d,PRI,
14,0,Niacin,1.6,mg NE/MJ,PRI,
14,0,Pantothenic Acid,5,mg/d,AI,
14,0,Riboflavin,1.4,mg/d,PRI,
14,0,Thiamin,0.1,mg/MJ,PRI,
14,0,Vitamin A,600,μg RE/d,PRI,
14,0,Vitamin B6,1.4,mg/d,PRI,
14,0,Vitamin C,70,mg/d,PRI,
14,0,Vitamin D,15,μg/d,AI,
14,0,Vitamin K,45,μg/d,AI,
15,0,Protein,0.88,g/kg bw per day,PRI,
15,0,Total Fat,20-35,E%,RI,
15,0,SFA,ALAP,,AI,
15,0,LA,4,E%,AI,
15,0,ALA,0.5,E%,AI,
15,0,EPA+DHA,250,mg/d,AI,
15,0,DHA,,mg/d,AI,
15,0,TFA,ALAP,,AI,
15,0,Total Carbohydrates,45-60,E%,RI,
15,0,Dietary Fibre,21,g/d,AI,
15,0,Water,2.5,L/d,AI,
15,0,Calcium,1150,mg/d,PRI,
15,0,Fluoride,3.2,mg/d,AI,
15,0,Iodine,130,μg/d,AI,
15,0,Manganese,3,mg/d,AI,
15,0,Molybdenum,65,μg/d,AI,
15,0,Phosphorus,640,mg/d,AI,
15,0,Potassium,3500,mg/d,AI,
15,0,Selenium,70,μg/d,AI,
15,0,Iron,11,mg/d,PRI,
15,0,Copper,1.3,mg/d,AI,
15,0,Magnesium,300,mg/d,AI,
15,0,Zinc,14.2,mg/d,PRI,
15,0,α-Tocopherol,13,mg/d,AI,
15,0,Biotin,35,μg/d,AI,
15,0,Choline,400,mg/d,AI,
15,0,Cobalamin,4,μg/d,AI,
15,0,Folate,330,μg DFE/d,PRI,
15,0,Niacin,1.6,mg NE/MJ,PRI,
15,0,Pantothenic Acid,5,mg/d,AI,
15,0,Riboflavin,1.6,mg/d,PRI,
15,0,Thiamin,0.1,mg/MJ,PRI,
15,0,Vitamin A,750,μg RE/d,PRI,
15,0,Vitamin B6,1.7,mg/d,PRI,
15,0,Vitamin C,100,mg/d,PRI,
15,0,Vitamin D,15,μg/d,AI,
15,0,Vitamin K,65,μg/d,AI,
16,0,Protein,0.87,g/kg bw per day,PRI,
16,0,Total Fat,20-35,E%,RI,
16,0,SFA,ALAP,,AI,
16,0,LA,4,E%,AI,
16,0,ALA,0.5,E%,AI,
16,0,EPA+DHA,250,mg/d,AI,
16,0,DHA,,mg/d,AI,
16,0,TFA,ALAP,,AI,
16,0,Total Carbohydrates,45-60,E%,RI,
16,0,Dietary Fibre,21,g/d,AI,
16,0,Water,2.5,L/d,AI,
16,0,Calcium,1150,mg/d,PRI,
16,0,Fluoride,3.2,mg/d,AI,
16,0,Iodine,130,μg/d,AI,
16,0,Manganese,3,mg/d,AI,
16,0,Molybdenum,65,μg/d,AI,
16,0,Phosphorus,640,mg/d,AI,
16,0,Potassium,3500,mg/d,AI,
16,0,Selenium,70,μg/d,AI,
16,0,Iron,11,mg/d,PRI,
16,0,Copper,1.3,mg/d,AI,
16,0,Magnesium,300,mg/d,AI,
16,0,Zinc,14.2,mg/d,PRI,
16,0,α-Tocopherol,13,mg/d,AI,
16,0,Biotin,35,μg/d,AI,
16,0,Choline,400,mg/d,AI,
16,0,Cobalamin,4,μg/d,AI,
16,0,Folate,330,μg DFE/d,PRI,
16,0,Niacin,1.6,mg NE/MJ,PRI,
16,0,Pantothenic Acid,5,mg/d,AI,
16,0,Riboflavin,1.6,mg/d,PRI,
16,0,Thiamin,0.1,mg/MJ,PRI,
16,0,Vitamin A,750,μg RE/d,PRI,
16,0,Vitamin B6,1.7,mg/d,PRI,
16,0,Vitamin C,100,mg/d,PRI,
16,0,Vitamin D,15,μg/d,AI,
16,0,Vitamin K,65,μg/d,AI,
17,0,Protein,0.86,g/kg bw per day,PRI,
17,0,Total Fat,20-35,E%,RI,
17,0,SFA,ALAP,,AI,
17,0,LA,4,E%,AI,
17,0,ALA,0.5,E%,AI,
17,0,EPA+DHA,250,mg/d,AI,
17,0,DHA,,mg/d,AI,
17,0,TFA,ALAP,,AI,
17,0,Total Carbohydrates,45-60,E%,RI,
17,0,Dietary Fibre,21,g/d,AI,
17,0,Water,2.5,L/d,AI,
17,0,Calcium,1150,mg/d,PRI,
17,0,Fluoride,3.2,mg/d,AI,
17,0,Iodine,130,μg/d,AI,
17,0,Manganese,3,mg/d,AI,
17,0,Molybdenum,65,μg/d,AI,
17,0,Phosphorus,640,mg/d,AI,
17,0,Potassium,3500,mg/d,AI,
17,0,Selenium,70,μg/d,AI,
17,0,Iron,11,mg/d,PRI,
17,0,Copper,1.3,mg/d,AI,
17,0,Magnesium,300,mg/d,AI,
17,0,Zinc,14.2,mg/d,PRI,
17,0,α-Tocopherol,13,mg/d,AI,
17,0,Biotin,35,μg/d,AI,
17,0,Choline,400,mg/d,AI,
17,0,Cobalamin,4,μg/d,AI,
17,0,Folate,330,μg DFE/d,PRI,
17,0,Niacin,1.6,mg NE/MJ,PRI,
17,0,Pantothenic Acid,5,mg/d,AI,
17,0,Riboflavin,1.6,mg/d,PRI,
17,0,Thiamin,0.1,mg/MJ,PRI,
17,0,Vitamin A,750,μg RE/d,PRI,
17,0,Vitamin B6,1.7,mg/d,PRI,
17,0,Vitamin C,100,mg/d,PRI,
17,0,Vitamin D,15,μg/d,AI,
17,0,Vitamin K,65,μg/d,AI,
18,0,Protein,0.83,g/kg bw per day,PRI,
18,0,Total Fat,20-35,E%,RI,
18,0,SFA,ALAP,,AI,
18,0,LA,4,E%,AI,
18,0,ALA,0.5,E%,AI,
18,0,EPA+DHA,250,mg/d,AI,
18,0,DHA,,mg/d,AI,
18,0,TFA,ALAP,,AI,
18,0,Total Carbohydrates,45-60,E%,RI,
18,0,Dietary Fibre,25,g/d,AI,
18,0,Water,2.5,L/d,AI,
18,0,Calcium,1000,mg/d,PRI,
18,0,Fluoride,3.4,mg/d,AI,
18,0,Iodine,150,μg/d,AI,
18,0,Manganese,3,mg/d,AI,
18,0,Molybdenum,65,μg/d,AI,
18,0,Phosphorus,550,mg/d,AI,
18,0,Potassium,3500,mg/d,AI,
18,0,Selenium,70,μg/d,AI,
18,0,Iron,11,mg/d,PRI,
18,0,Copper,1.6,mg/d,AI,
18,0,Magnesium,350,mg/d,AI,
18,0,Zinc,9.4,mg/d,PRI,300
18,0,Zinc,11.7,mg/d,PRI,600
18,0,Zinc,14,mg/d,PRI,900
18,0,Zinc,16.3,mg/d,PRI,1200
18,0,α-Tocopherol,13,mg/d,AI,
18,0,Biotin,40,μg/d,AI,
18,0,Choline,400,mg/d,AI,
18,0,Cobalamin,4,μg/d,AI,
18,0,Folate,330,μg DFE/d,PRI,
18,0,Niacin,1.6,mg NE/MJ,PRI,
18,0,Pantothenic Acid,5,mg/d,AI,
18,0,Riboflavin,1.6,mg/d,PRI,
18,0,Thiamin,0.1,mg/MJ,PRI,
18,0,Vitamin A,750,μg RE/d,PRI,
18,0,Vitamin B6,1.7,mg/d,PRI,
18,0,Vitamin C,110,mg/d,PRI,
18,0,Vitamin D,15,μg/d,AI,
18,0,Vitamin K,70,μg/d,AI,
19,0,Protein,0.83,g/kg bw per day,PRI,
19,0,Total Fat,20-35,E%,RI,
19,0,SFA,ALAP,,AI,
19,0,LA,4,E%,AI,
19,0,ALA,0.5,E%,AI,
19,0,EPA+DHA,250,mg/d,AI,
19,0,DHA,,mg/d,AI,
19,0,TFA,ALAP,,AI,
19,0,Total Carbohydrates,45-60,E%,RI,
19,0,Dietary Fibre,25,g/d,AI,
19,0,Water,2.5,L/d,AI,
19,0,Calcium,1000,mg/d,PRI,
19,0,Fluoride,3.4,mg/d,AI,
19,0,Iodine,150,μg/d,AI,
19,0,Manganese,3,mg/d,AI,
19,0,Molybdenum,65,μg/d,AI,
19,0,Phosphorus,550,mg/d,AI,
19,0,Potassium,3500,mg/d,AI,
19,0,Selenium,70,μg/d,AI,
19,0,Iron,11,mg/d,PRI,
19,0,Copper,1.6,mg/d,AI,
19,0,Magnesium,350,mg/d,AI,
19,0,Zinc,9.4,mg/d,PRI,300
19,0,Zinc,11.7,mg/d,PRI,600
19,0,Zinc,14,mg/d,PRI,900
19,0,Zinc,16.3,mg/d,PRI,1200
19,0,α-Tocopherol,13,mg/d,AI,
19,0,Biotin,40,μg/d,AI,
19,0,Choline,400,mg/d,AI,
19,0,Cobalamin,4,μg/d,AI,
19,0,Folate,330,μg DFE/d,PRI,
19,0,Niacin,1.6,mg NE/MJ,PRI,
19,0,Pantothenic Acid,5,mg/d,AI,
19,0,Riboflavin,1.6,mg/d,PRI,
19,0,Thiamin,0.1,mg/MJ,PRI,
19,0,Vitamin A,750,μg RE/d,PRI,
19,0,Vitamin B6,1.7,mg/d,PRI,
19,0,Vitamin C,110,mg/d,PRI,
19,0,Vitamin D,15,μg/d,AI,
19,0,Vitamin K,70,μg/d,AI,
20,0,Protein,0.83,g/kg bw per day,PRI,
20,0,Total Fat,20-35,E%,RI,
20,0,SFA,ALAP,,AI,
20,0,LA,4,E%,AI,
20,0,ALA,0.5,E%,AI,
20,0,EPA+DHA,250,mg/d,AI,
20,0,DHA,,mg/d,AI,
20,0,TFA,ALAP,,AI,
20,0,Total Carbohydrates,45-60,E%,RI,
20,0,Dietary Fibre,25,g/d,AI,
20,0,Water,2.5,L/d,AI,
20,0,Calcium,1000,mg/d,PRI,
20,0,Fluoride,3.4,mg/d,AI,
20,0,Iodine,150,μg/d,AI,
20,0,Manganese,3,mg/d,AI,
20,0,Molybdenum,65,μg/d,AI,
20,0,Phosphorus,550,mg/d,AI,
20,0,Potassium,3500,mg/d,AI,
20,0,Selenium,70,μg/d,AI,
20,0,Iron,11,mg/d,PRI,
20,0,Copper,1.6,mg/d,AI,
20,0,Magnesium,350,mg/d,AI,
20,0,Zinc,9.4,mg/d,PRI,300
20,0,Zinc,11.7,mg/d,PRI,600
20,0,Zinc,14,mg/d,PRI,900
20,0,Zinc,16.3,mg/d,PRI,1200
20,0,α-Tocopherol,13,mg/d,AI,
20,0,Biotin,40,μg/d,AI,
20,0,Choline,400,mg/d,AI,
20,0,Cobalamin,4,μg/d,AI,
20,0,Folate,330,μg DFE/d,PRI,
20,0,Niacin,1.6,mg NE/MJ,PRI,
20,0,Pantothenic Acid,5,mg/d,AI,
20,0,Riboflavin,1.6,mg/d,PRI,
20,0,Thiamin,0.1,mg/MJ,PRI,
20,0,Vitamin A,750,μg RE/d,PRI,
20,0,Vitamin B6,1.7,mg/d,PRI,
20,0,Vitamin C,110,mg/d,PRI,
20,0,Vitamin D,15,μg/d,AI,
20,0,Vitamin K,70,μg/d,AI,
21,0,Protein,0.83,g/kg bw per day,PRI,
21,0,Total Fat,20-35,E%,RI,
21,0,SFA,ALAP,,AI,
21,0,LA,4,E%,AI,
21,0,ALA,0.5,E%,AI,
21,0,EPA+DHA,250,mg/d,AI,
21,0,DHA,,mg/d,AI,
21,0,TFA,ALAP,,AI,
21,0,Total Carbohydrates,45-60,E%,RI,
21,0,Dietary Fibre,25,g/d,AI,
21,0,Water,2.5,L/d,AI,
21,0,Calcium,1000,mg/d,PRI,
21,0,Fluoride,3.4,mg/d,AI,
21,0,Iodine,150,μg/d,AI,
21,0,Manganese,3,mg/d,AI,
21,0,Molybdenum,65,μg/d,AI,
21,0,Phosphorus,550,mg/d,AI,
21,0,Potassium,3500,mg/d,AI,
21,0,Selenium,70,μg/d,AI,
21,0,Iron,11,mg/d,PRI,
21,0,Copper,1.6,mg/d,AI,
21,0,Magnesium,350,mg/d,AI,
21,0,Zinc,9.4,mg/d,PRI,300
21,0,Zinc,11.7,mg/d,PRI,600
21,0,Zinc,14,mg/d,PRI,900
21,0,Zinc,16.3,mg/d,PRI,1200
21,0,α-Tocopherol,13,mg/d,AI,
21,0,Biotin,40,μg/d,AI,
21,0,Choline,400,mg/d,AI,
21,0,Cobalamin,4,μg/d,AI,
21,0,Folate,330,μg DFE/d,PRI,
21,0,Niacin,1.6,mg NE/MJ,PRI,
21,0,Pantothenic Acid,5,mg/d,AI,
21,0,Riboflavin,1.6,mg/d,PRI,
21,0,Thiamin,0.1,mg/MJ,PRI,
21,0,Vitamin A,750,μg RE/d,PRI,
21,0,Vitamin B6,1.7,mg/d,PRI,
21,0,Vitamin C,110,mg/d,PRI,
21,0,Vitamin D,15,μg/d,AI,
21,0,Vitamin K,70,μg/d,AI,
22,0,Protein,0.83,g/kg bw per day,PRI,
22,0,Total Fat,20-35,E%,RI,
22,0,SFA,ALAP,,AI,
22,0,LA,4,E%,AI,
22,0,ALA,0.5,E%,AI,
22,0,EPA+DHA,250,mg/d,AI,
22,0,DHA,,mg/d,AI,
22,0,TFA,ALAP,,AI,
22,0,Total Carbohydrates,45-60,E%,RI,
22,0,Dietary Fibre,25,g/d,AI,
22,0,Water,2.5,L/d,AI,
22,0,Calcium,1000,mg/d,PRI,
22,0,Fluoride,3.4,mg/d,AI,
22,0,Iodine,150,μg/d,AI,
22,0,Manganese,3,mg/d,AI,
22,0,Molybdenum,65,μg/d,AI,
22,0,Phosphorus,550,mg/d,AI,
22,0,Potassium,3500,mg/d,AI,
22,0,Selenium,70,μg/d,AI,
22,0,Iron,11,mg/d,PRI,
22,0,Copper,1.6,mg/d,AI,
22,0,Magnesium,350,mg/d,AI,
22,0,Zinc,9.4,mg/d,PRI,300
22,0,Zinc,11.7,mg/d,PRI,600
22,0,Zinc,14,mg/d,PRI,900
22,0,Zinc,16.3,mg/d,PRI,1200
22,0,α-Tocopherol,13,mg/d,AI,
22,0,Biotin,40,μg/d,AI,
22,0,Choline,400,mg/d,AI,
22,0,Cobalamin,4,μg/d,AI,
22,0,Folate,330,μg DFE/d,PRI,
22,0,Niacin,1.6,mg NE/MJ,PRI,
22,0,Pantothenic Acid,5,mg/d,AI,
22,0,Riboflavin,1.6,mg/d,PRI,
22,0,Thiamin,0.1,mg/MJ,PRI,
22,0,Vitamin A,750,μg RE/d,PRI,
22,0,Vitamin B6,1.7,mg/d,PRI,
22,0,Vitamin C,110,mg/d,PRI,
22,0,Vitamin D,15,μg/d,AI,
22,0,Vitamin K,70,μg/d,AI,
23,0,Protein,0.83,g/kg bw per day,PRI,
23,0,Total Fat,20-35,E%,RI,
23,0,SFA,ALAP,,AI,
23,0,LA,4,E%,AI,
23,0,ALA,0.5,E%,AI,
23,0,EPA+DHA,250,mg/d,AI,
23,0,DHA,,mg/d,AI,
23,0,TFA,ALAP,,AI,
23,0,Total Carbohydrates,45-60,E%,RI,
23,0,Dietary Fibre,25,g/d,AI,
23,0,Water,2.5,L/d,AI,
23,0,Calcium,1000,mg/d,PRI,
23,0,Fluoride,3.4,mg/d,AI,
23,0,Iodine,150,μg/d,AI,
23,0,Manganese,3,mg/d,AI,
23,0,Molybdenum,65,μg/d,AI,
23,0,Phosphorus,550,mg/d,AI,
23,0,Potassium,3500,mg/d,AI,
23,0,Selenium,70,μg/d,AI,
23,0,Iron,11,mg/d,PRI,
23,0,Copper,1.6,mg/d,AI,
23,0,Magnesium,350,mg/d,AI,
23,0,Zinc,9.4,mg/d,PRI,300
23,0,Zinc,11.7,mg/d,PRI,600
23,0,Zinc,14,mg/d,PRI,900
23,0,Zinc,16.3,mg/d,PRI,1200
23,0,α-Tocopherol,13,mg/d,AI,
23,0,Biotin,40,μg/d,AI,
23,0,Choline,400,mg/d,AI,
23,0,Cobalamin,4,μg/d,AI,
23,0,Folate,330,μg DFE/d,PRI,
23,0,Niacin,1.6,mg NE/MJ,PRI,
23,0,Pantothenic Acid,5,mg/d,AI,
23,0,Riboflavin,1.6,mg/d,PRI,
23,0,Thiamin,0.1,mg/MJ,PRI,
23,0,Vitamin A,750,μg RE/d,PRI,
23,0,Vitamin B6,1.7,mg/d,PRI,
23,0,Vitamin C,110,mg/d,PRI,
23,0,Vitamin D,15,μg/d,AI,
23,0,Vitamin K,70,μg/d,AI,
24,0,Protein,0.83,g/kg bw per day,PRI,
24,0,Total Fat,20-35,E%,RI,
24,0,SFA,ALAP,,AI,
24,0,LA,4,E%,AI,
24,0,ALA,0.5,E%,AI,
24,0,EPA+DHA,250,mg/d,AI,
24,0,DHA,,mg/d,AI,
24,0,TFA,ALAP,,AI,
24,0,Total Carbohydrates,45-60,E%,RI,
24,0,Dietary Fibre,25,g/d,AI,
24,0,Water,2.5,L/d,AI,
24,0,Calcium,1000,mg/d,PRI,
24,0,Fluoride,3.4,mg/d,AI,
24,0,Iodine,150,μg/d,AI,
24,0,Manganese,3,mg/d,AI,
24,0,Molybdenum,65,μg/d,AI,
24,0,Phosphorus,550,mg/d,AI,
24,0,Potassium,3500,mg/d,AI,
24,0,Selenium,70,μg/d,AI,
24,0,Iron,11,mg/d,PRI,
24,0,Copper,1.6,mg/d,AI,
24,0,Magnesium,350,mg/d,AI,
24,0,Zinc,9.4,mg/d,PRI,300
24,0,Zinc,11.7,mg/d,PRI,600
24,0,Zinc,14,mg/d,PRI,900
24,0,Zinc,16.3,mg/d,PRI,1200
24,0,α-Tocopherol,13,mg/d,AI,
24,0,Biotin,40,μg/d,AI,
24,0,Choline,400,mg/d,AI,
24,0,Cobalamin,4,μg/d,AI,
24,0,Folate,330,μg DFE/d,PRI,
24,0,Niacin,1.6,mg NE/MJ,PRI,
24,0,Pantothenic Acid,5,mg/d,AI,
24,0,Riboflavin,1.6,mg/d,PRI,
24,0,Thiamin,0.1,mg/MJ,PRI,
24,0,Vitamin A,750,μg RE/d,PRI,
24,0,Vitamin B6,1.7,mg/d,PRI,
24,0,Vitamin C,110,mg/d,PRI,
24,0,Vitamin D,15,μg/d,AI,
24,0,Vitamin K,70,μg/d,AI,
25,0,Protein,0.83,g/kg bw per day,PRI,
25,0,Total Fat,20-35,E%,RI,
25,0,SFA,ALAP,,AI,
25,0,LA,4,E%,AI,
25,0,ALA,0.5,E%,AI,
25,0,EPA+DHA,250,mg/d,AI,
25,0,DHA,,mg/d,AI,
25,0,TFA,ALAP,,AI,
25,0,Total Carbohydrates,45-60,E%,RI,
25,0,Dietary Fibre,25,g/d,AI,
25,0,Water,2.5,L/d,AI,
25,0,Calcium,950,mg/d,PRI,
25,0,Fluoride,3.4,mg/d,AI,
25,0,Iodine,150,μg/d,AI,
25,0,Manganese,3,mg/d,AI,
25,0,Molybdenum,65,μg/d,AI,
25,0,Phosphorus,550,mg/d,AI,
25,0,Potassium,3500,mg/d,AI,
25,0,Selenium,70,μg/d,AI,
25,0,Iron,11,mg/d,PRI,
25,0,Copper,1.6,mg/d,AI,
25,0,Magnesium,350,mg/d,AI,
25,0,Zinc,9.4,mg/d,PRI,300
25,0,Zinc,11.7,mg/d,PRI,600
25,0,Zinc,14,mg/d,PRI,900
25,0,Zinc,16.3,mg/d,PRI,1200
25,0,α-Tocopherol,13,mg/d,AI,
25,0,Biotin,40,μg/d,AI,
25,0,Choline,400,mg/d,AI,
25,0,Cobalamin,4,μg/d,AI,
25,0,Folate,330,μg DFE/d,PRI,
25,0,Niacin,1.6,mg NE/MJ,PRI,
25,0,Pantothenic Acid,5,mg/d,AI,
25,0,Riboflavin,1.6,mg/d,PRI,
25,0,Thiamin,0.1,mg/MJ,PRI,
25,0,Vitamin A,750,μg RE/d,PRI,
25,0,Vitamin B6,1.7,mg/d,PRI,
25,0,Vitamin C,110,mg/d,PRI,
25,0,Vitamin D,15,μg/d,AI,
25,0,Vitamin K,70,μg/d,AI,